1994年1页年度排名,历史排名,电影名称,总票房,总人次,总场次,上映年份,操作,
1,1370,亡命天涯,,--,--,1994,数据纠错,
1994年2页年度排名,历史排名,电影名称,总票房,总人次,总场次,上映年份,操作,
1,1370,亡命天涯,,--,--,1994,数据纠错,
1995年1页年度排名,历史排名,电影名称,总票房,总人次,总场次,上映年份,操作,
1,691,真实的谎言,,--,--,1995,数据纠错,
2,725,红番区,,--,--,1995,数据纠错,
3,1007,阳光灿烂的日子,,--,--,1995,数据纠错,
4,1041,虎胆龙威3,,--,--,1995,数据纠错,
5,1109,狮子王(1994),,--,--,1995,数据纠错,
6,1129,红粉,,--,--,1995,数据纠错,
7,1128,红樱桃,,--,--,1995,数据纠错,
8,1153,生死时速,,--,--,1995,数据纠错,
9,1223,七七事变,,--,--,1995,数据纠错,
10,1228,绝地战警,,--,--,1995,数据纠错,
11,1553,阿甘正传,,--,--,1995,数据纠错,
1995年2页年度排名,历史排名,电影名称,总票房,总人次,总场次,上映年份,操作,
1,691,真实的谎言,,--,--,1995,数据纠错,
2,725,红番区,,--,--,1995,数据纠错,
3,1007,阳光灿烂的日子,,--,--,1995,数据纠错,
4,1041,虎胆龙威3,,--,--,1995,数据纠错,
5,1109,狮子王(1994),,--,--,1995,数据纠错,
6,1129,红粉,,--,--,1995,数据纠错,
7,1128,红樱桃,,--,--,1995,数据纠错,
8,1153,生死时速,,--,--,1995,数据纠错,
9,1223,七七事变,,--,--,1995,数据纠错,
10,1228,绝地战警,,--,--,1995,数据纠错,
11,1553,阿甘正传,,--,--,1995,数据纠错,
1996年1页年度排名,历史排名,电影名称,总票房,总人次,总场次,上映年份,操作,
1,782,简单任务,,--,--,1996,数据纠错,
2,961,龙卷风,,--,--,1996,数据纠错,
3,1001,断箭,,--,--,1996,数据纠错,
4,1032,勇闯夺命岛,,--,--,1996,数据纠错,
5,1031,勇敢者的游戏,,--,--,1996,数据纠错,
6,1065,碟中谍1,,--,--,1996,数据纠错,
7,1132,廊桥遗梦,,--,--,1996,数据纠错,
8,1182,孔繁森,,--,--,1996,数据纠错,
9,1214,未来水世界,,--,--,1996,数据纠错,
10,1233,极度恐慌,,--,--,1996,数据纠错,
11,1244,玩具总动员,,--,--,1996,数据纠错,
1996年2页年度排名,历史排名,电影名称,总票房,总人次,总场次,上映年份,操作,
1,782,简单任务,,--,--,1996,数据纠错,
2,961,龙卷风,,--,--,1996,数据纠错,
3,1001,断箭,,--,--,1996,数据纠错,
4,1032,勇闯夺命岛,,--,--,1996,数据纠错,
5,1031,勇敢者的游戏,,--,--,1996,数据纠错,
6,1065,碟中谍1,,--,--,1996,数据纠错,
7,1132,廊桥遗梦,,--,--,1996,数据纠错,
8,1182,孔繁森,,--,--,1996,数据纠错,
9,1214,未来水世界,,--,--,1996,数据纠错,
10,1233,极度恐慌,,--,--,1996,数据纠错,
11,1244,玩具总动员,,--,--,1996,数据纠错,
1997年1页年度排名,历史排名,电影名称,总票房,总人次,总场次,上映年份,操作,
1,823,侏罗纪公园4,,--,--,1997,数据纠错,
2,826,鸦片战争,,--,--,1997,数据纠错,
3,871,一个好人,,--,--,1997,数据纠错,
4,1033,天崩地裂,,--,--,1997,数据纠错,
5,1057,有话好好说,,--,--,1997,数据纠错,
6,1061,蒸发密令,,--,--,1997,数据纠错,
7,1127,大转折：挺进大别山,,--,--,1997,数据纠错,
8,1164,红河谷,,--,--,1997,数据纠错,
9,1183,甲方乙方,,--,--,1997,数据纠错,
10,1263,生死时速2,,--,--,1997,数据纠错,
11,1389,生死豪情,,--,--,1997,数据纠错,
1997年2页年度排名,历史排名,电影名称,总票房,总人次,总场次,上映年份,操作,
1,823,侏罗纪公园4,,--,--,1997,数据纠错,
2,826,鸦片战争,,--,--,1997,数据纠错,
3,871,一个好人,,--,--,1997,数据纠错,
4,1033,天崩地裂,,--,--,1997,数据纠错,
5,1057,有话好好说,,--,--,1997,数据纠错,
6,1061,蒸发密令,,--,--,1997,数据纠错,
7,1127,大转折：挺进大别山,,--,--,1997,数据纠错,
8,1164,红河谷,,--,--,1997,数据纠错,
9,1183,甲方乙方,,--,--,1997,数据纠错,
10,1263,生死时速2,,--,--,1997,数据纠错,
11,1389,生死豪情,,--,--,1997,数据纠错,
1998年1页年度排名,历史排名,电影名称,总票房,总人次,总场次,上映年份,操作,
1,274,泰坦尼克号,,--,--,1998,数据纠错,
2,767,拯救大兵瑞恩,,--,--,1998,数据纠错,
3,781,我是谁,,--,--,1998,数据纠错,
4,992,彗星撞地球,,--,--,1998,数据纠错,
5,1121,周恩来外交风云,,--,--,1998,数据纠错,
6,1122,小鬼当家3,,--,--,1998,数据纠错,
7,1388,红色恋人,,--,--,1998,数据纠错,
8,1539,风云雄霸天下,,--,--,1998,数据纠错,
9,1600,活火熔城,,--,--,1998,数据纠错,
10,1684,龙出升天,,--,--,1998,数据纠错,
1998年2页年度排名,历史排名,电影名称,总票房,总人次,总场次,上映年份,操作,
1,274,泰坦尼克号,,--,--,1998,数据纠错,
2,767,拯救大兵瑞恩,,--,--,1998,数据纠错,
3,781,我是谁,,--,--,1998,数据纠错,
4,992,彗星撞地球,,--,--,1998,数据纠错,
5,1121,周恩来外交风云,,--,--,1998,数据纠错,
6,1122,小鬼当家3,,--,--,1998,数据纠错,
7,1388,红色恋人,,--,--,1998,数据纠错,
8,1539,风云雄霸天下,,--,--,1998,数据纠错,
9,1600,活火熔城,,--,--,1998,数据纠错,
10,1684,龙出升天,,--,--,1998,数据纠错,
1999年1页年度排名,历史排名,电影名称,总票房,总人次,总场次,上映年份,操作,
1,1100,不见不散,,--,--,1999,数据纠错,
2,1224,星战前传1,,--,--,1999,数据纠错,
3,1280,一个都不能少,,--,--,1999,数据纠错,
4,1304,偷天陷阱,,--,--,1999,数据纠错,
5,1305,宝莲灯,,--,--,1999,数据纠错,
6,1387,尖峰时刻1,,--,--,1999,数据纠错,
7,1469,国家公敌,,--,--,1999,数据纠错,
8,1538,玻璃樽,,--,--,1999,数据纠错,
9,1912,花木兰(好莱坞动画版),,--,--,1999,数据纠错,
1999年2页年度排名,历史排名,电影名称,总票房,总人次,总场次,上映年份,操作,
1,1100,不见不散,,--,--,1999,数据纠错,
2,1224,星战前传1,,--,--,1999,数据纠错,
3,1280,一个都不能少,,--,--,1999,数据纠错,
4,1304,偷天陷阱,,--,--,1999,数据纠错,
5,1305,宝莲灯,,--,--,1999,数据纠错,
6,1387,尖峰时刻1,,--,--,1999,数据纠错,
7,1469,国家公敌,,--,--,1999,数据纠错,
8,1538,玻璃樽,,--,--,1999,数据纠错,
9,1912,花木兰(好莱坞动画版),,--,--,1999,数据纠错,
2000年1页年度排名,历史排名,电影名称,总票房,总人次,总场次,上映年份,操作,
1,620,生死抉择,,--,--,2000,数据纠错,
2,1222,没完没了,,--,--,2000,数据纠错,
3,1279,一声叹息,,--,--,2000,数据纠错,
4,1302,U-571,,--,--,2000,数据纠错,
5,1496,上海正午,,--,--,2000,数据纠错,
6,1497,将军的女儿,,--,--,2000,数据纠错,
7,1506,精灵鼠小弟,,--,--,2000,数据纠错,
8,1529,西点揭秘,,--,--,2000,数据纠错,
10,1543,完美风暴,,--,--,2000,数据纠错,
9,1542,角斗士,,--,--,2000,数据纠错,
11,1541,东京攻略,,--,--,2000,数据纠错,
12,1592,西域威龙,,--,--,2000,数据纠错,
13,1637,黑客帝国,,--,--,2000,数据纠错,
15,1723,双重阴谋,,--,--,2000,数据纠错,
14,1722,卧虎藏龙,,--,--,2000,数据纠错,
16,1721,恐龙,,--,--,2000,数据纠错,
17,1718,决战紫禁之巅,,--,--,2000,数据纠错,
18,1763,致命追缉令,,--,--,2000,数据纠错,
19,1803,绝地奶霸,,--,--,2000,数据纠错,
20,1856,飞天舞,,--,--,2000,数据纠错,
2000年2页年度排名,历史排名,电影名称,总票房,总人次,总场次,上映年份,操作,
21,1911,洗澡,,--,--,2000,数据纠错,
22,2116,漂亮妈妈,,--,--,2000,数据纠错,
23,2281,求婚脑震荡,,--,--,2000,数据纠错,
24,2282,公元2000,,--,--,2000,数据纠错,
25,2395,紧急迫降,,--,--,2000,数据纠错,
26,2393,幸福时光,,--,--,2000,数据纠错,
27,2693,美丽的家,,--,--,2000,数据纠错,
28,2694,大进军：大战宁沪杭,,--,--,2000,数据纠错,
29,2873,星愿,,--,--,2000,数据纠错,
30,2874,马可波罗回香都,,--,--,2000,数据纠错,
31,2878,西洋镜,,--,--,2000,数据纠错,
32,2875,大惊小怪,,--,--,2000,数据纠错,
33,3145,给您道喜啦,,--,--,2000,数据纠错,
2001年1页年度排名,历史排名,电影名称,总票房,总人次,总场次,上映年份,操作,
1,683,珍珠港,,--,--,2001,数据纠错,
2,808,霹雳娇娃,,--,--,2001,数据纠错,
3,1099,大腕,,--,--,2001,数据纠错,
4,1126,特务迷城,,--,--,2001,数据纠错,
5,1442,垂直极限,,--,--,2001,数据纠错,
6,1441,木乃伊2,,--,--,2001,数据纠错,
7,1440,我的兄弟姐妹,,--,--,2001,数据纠错,
8,1534,宇宙和人,,--,--,2001,数据纠错,
9,1540,蜀山传,,--,--,2001,数据纠错,
11,1636,兵临城下,,--,--,2001,数据纠错,
12,1638,剑鱼行动,,--,--,2001,数据纠错,
10,1635,尖峰时刻2,,--,--,2001,数据纠错,
13,1857,走出西北坡,,--,--,2001,数据纠错,
14,1855,红磨坊,,--,--,2001,数据纠错,
16,1976,佐罗的面具,,--,--,2001,数据纠错,
15,1980,神秘拼图,,--,--,2001,数据纠错,
18,1979,生命的证据,,--,--,2001,数据纠错,
17,1977,浪漫樱花,,--,--,2001,数据纠错,
19,1978,庭院里的女人,,--,--,2001,数据纠错,
20,2112,拜见岳父大人,,--,--,2001,数据纠错,
2001年2页年度排名,历史排名,电影名称,总票房,总人次,总场次,上映年份,操作,
22,2110,雷霆战警,,--,--,2001,数据纠错,
21,2111,刮痧,,--,--,2001,数据纠错,
24,2283,小鸡快跑,,--,--,2001,数据纠错,
23,2284,谁说我不在乎,,--,--,2001,数据纠错,
25,2280,紫日,,--,--,2001,数据纠错,
27,2399,地上最强,,--,--,2001,数据纠错,
26,2396,第一次的亲密接触,,--,--,2001,数据纠错,
28,2397,英雄无语,,--,--,2001,数据纠错,
29,2526,绝对情感,,--,--,2001,数据纠错,
30,2524,流星语,,--,--,2001,数据纠错,
31,3147,小虎斑斑,,--,--,2001,数据纠错,
32,4013,古墓丽影,,--,--,2001,数据纠错,
2002年1页年度排名,历史排名,电影名称,总票房,总人次,总场次,上映年份,操作,
1,376,英雄,,--,--,2002,数据纠错,
2,951,指环王：护戒使者,,--,--,2002,数据纠错,
3,954,哈利·波特与魔法石,,--,--,2002,数据纠错,
4,1066,星战前传2：克隆人的进攻,,--,--,2002,数据纠错,
5,1115,蜘蛛侠,,--,--,2002,数据纠错,
6,1309,风语者,,--,--,2002,数据纠错,
7,1364,天脉传奇,,--,--,2002,数据纠错,
8,1385,碟中谍2,,--,--,2002,数据纠错,
9,1438,天下无双,,--,--,2002,数据纠错,
10,1468,河东狮吼,,--,--,2002,数据纠错,
11,1532,周渔的火车,,--,--,2002,数据纠错,
12,1610,侏罗纪公园3,,--,--,2002,数据纠错,
13,1630,精灵鼠小弟2,,--,--,2002,数据纠错,
14,1632,暗流,,--,--,2002,数据纠错,
15,1634,临时特工,,--,--,2002,数据纠错,
16,1675,燕尾服,,--,--,2002,数据纠错,
17,1708,嫁个有钱人,,--,--,2002,数据纠错,
18,1840,宇宙追缉令,,--,--,2002,数据纠错,
19,1858,和你在一起,,--,--,2002,数据纠错,
20,1910,E.T,,--,--,2002,数据纠错,
2002年2页年度排名,历史排名,电影名称,总票房,总人次,总场次,上映年份,操作,
21,1971,花样年华(2000),,--,--,2002,数据纠错,
22,1982,我爱你,,--,--,2002,数据纠错,
23,1981,浩劫惊魂,,--,--,2002,数据纠错,
24,2025,公主日记,,--,--,2002,数据纠错,
25,2040,寻枪,,--,--,2002,数据纠错,
26,2067,决战猩球,,--,--,2002,数据纠错,
27,2113,绿芥刑警,,--,--,2002,数据纠错,
28,2162,缘分天注定,,--,--,2002,数据纠错,
29,2203,冲出亚马逊,,--,--,2002,数据纠错,
30,2201,一见钟情,,--,--,2002,数据纠错,
31,2219,怪物史莱克,,--,--,2002,数据纠错,
32,2288,极地营救,,--,--,2002,数据纠错,
33,2285,烟雨红颜,,--,--,2002,数据纠错,
34,2340,冰河世纪,,--,--,2002,数据纠错,
35,2398,致命追踪,,--,--,2002,数据纠错,
36,2542,男人百分百,,--,--,2002,数据纠错,
37,2690,天荒情未老,,--,--,2002,数据纠错,
38,2692,苹果的滋味,,--,--,2002,数据纠错,
39,2737,美丽的大脚,,--,--,2002,数据纠错,
40,2804,首席执行官,,--,--,2002,数据纠错,
2003年1页年度排名,历史排名,电影名称,总票房,总人次,总场次,上映年份,操作,
1,975,手机,,--,--,2003,数据纠错,
2,983,哈利波特：消失的密室,,--,--,2003,数据纠错,
3,1096,黑客帝国2：重装上阵,,--,--,2003,数据纠错,
4,1098,黑客帝国3：最后战役,,--,--,2003,数据纠错,
5,1116,天地英雄,,--,--,2003,数据纠错,
6,1181,无间道3,,--,--,2003,数据纠错,
7,1191,海底总动员,,--,--,2003,数据纠错,
8,1321,终结者3：机器的警觉,,--,--,2003,数据纠错,
9,1349,加勒比海盗：黑珍珠号的诅咒,,--,--,2003,数据纠错,
10,1386,飞龙再生,,--,--,2003,数据纠错,
11,1417,魔戒二部曲：双塔奇兵,,--,--,2003,数据纠错,
12,1436,老鼠爱上猫,,--,--,2003,数据纠错,
13,1621,谍海计中计,,--,--,2003,数据纠错,
14,1633,偷天换日,,--,--,2003,数据纠错,
15,1719,霹雳娇娃2,,--,--,2003,数据纠错,
16,1764,大块头有大智慧,,--,--,2003,数据纠错,
17,1804,双雄,,--,--,2003,数据纠错,
18,1859,武士,,--,--,2003,数据纠错,
19,1860,逍遥法外,,--,--,2003,数据纠错,
20,1908,超胆侠,,--,--,2003,数据纠错,
2003年2页年度排名,历史排名,电影名称,总票房,总人次,总场次,上映年份,操作,
21,1915,邓小平,,--,--,2003,数据纠错,
22,1975,非常小特务3,,--,--,2003,数据纠错,
24,1969,情归阿拉巴马,,--,--,2003,数据纠错,
23,1970,X战警2,,--,--,2003,数据纠错,
25,2041,地心抢险记,,--,--,2003,数据纠错,
26,2096,绿巨人浩克,,--,--,2003,数据纠错,
28,2109,新扎师妹2之美丽任务,,--,--,2003,数据纠错,
29,2114,无间道2,,--,--,2003,数据纠错,
27,2115,玉观音,,--,--,2003,数据纠错,
30,2130,憨豆特派员,,--,--,2003,数据纠错,
31,2202,曼哈顿灰姑娘,,--,--,2003,数据纠错,
32,2204,卡拉是条狗,,--,--,2003,数据纠错,
33,2217,我的失忆男友,,--,--,2003,数据纠错,
34,2240,向左走向右走,,--,--,2003,数据纠错,
35,2287,隔世情缘,,--,--,2003,数据纠错,
36,2286,惊涛骇浪,,--,--,2003,数据纠错,
37,2394,卢浮魅影,,--,--,2003,数据纠错,
38,2522,绿茶,,--,--,2003,数据纠错,
39,2698,印度往事,,--,--,2003,数据纠错,
41,2695,紫蝴蝶,,--,--,2003,数据纠错,
2004年1页年度排名,历史排名,电影名称,总票房,总人次,总场次,上映年份,操作,
1,481,功夫,,--,--,2004,数据纠错,
2,521,十面埋伏,,--,--,2004,数据纠错,
3,603,天下无贼,,--,--,2004,数据纠错,
4,752,魔戒三部曲：国王归来,,--,--,2004,数据纠错,
5,766,后天,,--,--,2004,数据纠错,
6,883,特洛伊,,--,--,2004,数据纠错,
7,984,蜘蛛侠2,,--,--,2004,数据纠错,
8,1097,新警察故事,,--,--,2004,数据纠错,
9,1124,张思德,,--,--,2004,数据纠错,
10,1140,哈利波特与阿兹卡班的囚徒,,--,--,2004,数据纠错,
11,1341,亚瑟王,,--,--,2004,数据纠错,
12,1356,冷山,,--,--,2004,数据纠错,
13,1439,千机变2,,--,--,2004,数据纠错,
14,1519,怒海争锋,,--,--,2004,数据纠错,
15,1533,加菲猫,,--,--,2004,数据纠错,
16,1531,天黑请闭眼,,--,--,2004,数据纠错,
17,1678,反恐特警组,,--,--,2004,数据纠错,
18,1717,我，机器人,,--,--,2004,数据纠错,
19,1716,恋爱中的宝贝,,--,--,2004,数据纠错,
20,1734,龙凤斗,,--,--,2004,数据纠错,
2004年2页年度排名,历史排名,电影名称,总票房,总人次,总场次,上映年份,操作,
22,1762,记忆裂痕,,--,--,2004,数据纠错,
21,1765,飞鹰,,--,--,2004,数据纠错,
23,1825,魔幻厨房,,--,--,2004,数据纠错,
24,1852,暗流2：末日天使,,--,--,2004,数据纠错,
25,1861,怪物史莱克2,,--,--,2004,数据纠错,
26,2102,云梯49,,--,--,2004,数据纠错,
28,2103,救命,,--,--,2004,数据纠错,
27,2108,大城小事,,--,--,2004,数据纠错,
29,2191,郁金香方方,,--,--,2004,数据纠错,
30,2199,求爱上上签,,--,--,2004,数据纠错,
31,2241,大事件,,--,--,2004,数据纠错,
33,2267,虎兄虎弟,,--,--,2004,数据纠错,
32,2271,野蛮师姐,,--,--,2004,数据纠错,
34,2269,可可西里,,--,--,2004,数据纠错,
35,2278,邓小平·1928,,--,--,2004,数据纠错,
36,2279,暖,,--,--,2004,数据纠错,
37,2323,华纳巨星总动员,,--,--,2004,数据纠错,
38,2364,茉莉花开,,--,--,2004,数据纠错,
39,2365,单刀直入,,--,--,2004,数据纠错,
40,2387,儿女一箩筐,,--,--,2004,数据纠错,
2005年1页年度排名,历史排名,电影名称,总票房,总人次,总场次,上映年份,操作,
1,463,无极,,--,--,2005,数据纠错,
2,718,神话,,--,--,2005,数据纠错,
3,727,哈利波特与火焰杯,,--,--,2005,数据纠错,
4,759,七剑,,--,--,2005,数据纠错,
5,806,星球大战前传三：西斯的复仇,,--,--,2005,数据纠错,
6,895,头文字D,,--,--,2005,数据纠错,
7,909,史密斯行动,,--,--,2005,数据纠错,
8,976,世界大战,,--,--,2005,数据纠错,
9,1006,情癫大圣,,--,--,2005,数据纠错,
10,1114,韩城攻略,,--,--,2005,数据纠错,
11,1180,国家宝藏,,--,--,2005,数据纠错,
12,1261,佐罗传奇/蒙面侠苏洛2：不朽传奇,,--,--,2005,数据纠错,
13,1277,千里走单骑,,--,--,2005,数据纠错,
14,1281,如果·爱(2005),,--,--,2005,数据纠错,
15,1323,马达加斯加,,--,--,2005,数据纠错,
16,1327,绝密飞行,,--,--,2005,数据纠错,
17,1326,翻译风波,,--,--,2005,数据纠错,
18,1363,任长霞,,--,--,2005,数据纠错,
19,1377,狂蟒之灾2：搜寻血兰,,--,--,2005,数据纠错,
20,1535,蝙蝠侠与罗宾,,--,--,2005,数据纠错,
2005年2页年度排名,历史排名,电影名称,总票房,总人次,总场次,上映年份,操作,
21,1536,神奇4侠,,--,--,2005,数据纠错,
22,1537,生死牛玉儒,,--,--,2005,数据纠错,
23,1677,鲨鱼故事,,--,--,2005,数据纠错,
24,1676,三岔口,,--,--,2005,数据纠错,
25,1720,凤凰劫,,--,--,2005,数据纠错,
26,1740,极限特工2,,--,--,2005,数据纠错,
27,1849,喜马拉雅星,,--,--,2005,数据纠错,
28,1974,孔雀,,--,--,2005,数据纠错,
29,1972,美人依旧,,--,--,2005,数据纠错,
30,2010,双龙间谍,,--,--,2005,数据纠错,
31,2011,帝企鹅日记,,--,--,2005,数据纠错,
32,2034,日落之后,,--,--,2005,数据纠错,
33,2042,极地特快,,--,--,2005,数据纠错,
34,2054,再说一次我爱你,,--,--,2005,数据纠错,
35,2077,精武家庭,,--,--,2005,数据纠错,
36,2105,猛龙,,--,--,2005,数据纠错,
37,2104,一个陌生女人的来信,,--,--,2005,数据纠错,
38,2136,童梦奇缘,,--,--,2005,数据纠错,
39,2228,暖秋,,--,--,2005,数据纠错,
40,2238,小丑奇兵,,--,--,2005,数据纠错,
2006年1页年度排名,历史排名,电影名称,总票房,总人次,总场次,上映年份,操作,
1,333,满城尽带黄金甲,,771万,1,2006,数据纠错,
2,586,夜宴,,--,--,2006,数据纠错,
3,676,霍元甲,,--,--,2006,数据纠错,
4,677,达芬奇密码,,--,--,2006,数据纠错,
5,692,金刚,,--,--,2006,数据纠错,
6,717,宝贝计划,,--,--,2006,数据纠错,
7,769,碟中谍3,,--,--,2006,数据纠错,
8,804,伤城,,253万,8.1万,2006,数据纠错,
9,846,海神号,,--,--,2006,数据纠错,
10,857,墨攻,,--,--,2006,数据纠错,
11,900,超人归来,,--,--,2006,数据纠错,
12,918,纳尼亚传奇,,--,--,2006,数据纠错,
13,944,加菲猫2之双猫记,,--,--,2006,数据纠错,
14,955,南极大冒险,,--,--,2006,数据纠错,
15,1019,龙虎门,,--,--,2006,数据纠错,
16,1173,冰河世纪2：冰川融解,,--,--,2006,数据纠错,
17,1184,云水谣,,--,--,2006,数据纠错,
18,1265,非常人贩2,,--,--,2006,数据纠错,
19,1289,迈阿密风云,,--,--,2006,数据纠错,
20,1416,东京审判,,--,--,2006,数据纠错,
2006年2页年度排名,历史排名,电影名称,总票房,总人次,总场次,上映年份,操作,
21,1435,来电惊魂,,--,--,2006,数据纠错,
22,1445,疯狂的石头,,--,--,2006,数据纠错,
23,1457,防火墙,,--,--,2006,数据纠错,
24,1460,一级戒备,,--,--,2006,数据纠错,
25,1466,世贸中心,,--,--,2006,数据纠错,
26,1484,赛车总动员,,--,--,2006,数据纠错,
27,1510,X战警：背水一战,,--,--,2006,数据纠错,
28,1591,大电影之数百亿,,--,--,2006,数据纠错,
29,1668,决战帝国,,--,--,2006,数据纠错,
30,1691,丛林大反攻,,--,--,2006,数据纠错,
31,1760,撒哈拉骑兵,,--,--,2006,数据纠错,
32,1823,野蛮秘笈,,--,--,2006,数据纠错,
33,1842,卧虎,,--,--,2006,数据纠错,
34,1850,春田花花同学会,,--,--,2006,数据纠错,
35,1848,双层公寓,,--,--,2006,数据纠错,
36,1880,大道如天,,--,--,2006,数据纠错,
37,1927,空中决战,,--,--,2006,数据纠错,
38,1933,战鸽快飞,,--,--,2006,数据纠错,
39,1965,神秘群岛,,--,--,2006,数据纠错,
40,1973,侠盗魅影,,--,--,2006,数据纠错,
2007年1页年度排名,历史排名,电影名称,总票房,总人次,总场次,上映年份,操作,
1,347,变形金刚1,,931万,17.13万,2007,数据纠错,
2,374,集结号,,763.02万,19.32万,2007,数据纠错,
3,436,投名状,,609万,16.9万,2007,数据纠错,
4,535,蜘蛛侠3,,491万,14.12万,2007,数据纠错,
5,549,哈利波特与凤凰社,,489万,10.99万,2007,数据纠错,
6,569,色·戒(2007),,--,--,2007,数据纠错,
7,605,加勒比海盗：世界的尽头,,414万,13.24万,2007,数据纠错,
8,732,007：大战皇家赌场,,305万,9.29万,2007,数据纠错,
9,873,博物馆奇妙夜,,224万,7.57万,2007,数据纠错,
10,878,门徒,,222万,7.88万,2007,数据纠错,
11,1167,不能说的秘密,,159万,5.73万,2007,数据纠错,
12,1197,忍者神龟,,156万,7.53万,2007,数据纠错,
13,1202,命运呼叫转移,,135万,8.6万,2007,数据纠错,
14,1209,导火线,,132万,4.76万,2007,数据纠错,
15,1213,男儿本色,,130万,5.01万,2007,数据纠错,
16,1225,龙骑士,,127万,6.86万,2007,数据纠错,
17,1229,勇士,,--,--,2007,数据纠错,
18,1239,天堂口,,122万,5.37万,2007,数据纠错,
19,1241,兄弟之生死同盟,,121万,5.93万,2007,数据纠错,
20,1297,灵魂战车1,,110万,5.98万,2007,数据纠错,
2007年2页年度排名,历史排名,电影名称,总票房,总人次,总场次,上映年份,操作,
21,1322,铁三角,,105万,5.14万,2007,数据纠错,
22,1342,虎胆龙威4,,95万,3.18万,2007,数据纠错,
23,1392,时空线索,,90万,5.23万,2007,数据纠错,
24,1396,狮口惊魂,,100万,5.58万,2007,数据纠错,
25,1413,憨豆的黄金周,,99万,4.1万,2007,数据纠错,
26,1419,谍影重重3,,80万,2.61万,2007,数据纠错,
27,1461,美食总动员,,93万,3.94万,2007,数据纠错,
28,1479,哆啦A梦：大雄的恐龙,,101万,3.59万,2007,数据纠错,
29,1556,王者之心,,--,--,2007,数据纠错,
30,1619,太阳照常升起(2007),,63万,4.21万,2007,数据纠错,
31,1622,第十九层空间,,73万,9.29万,2007,数据纠错,
32,1699,丑女大翻身,,--,--,2007,数据纠错,
33,1703,穿普拉达的女王,,--,--,2007,数据纠错,
34,1724,合约情人,,59万,2.8万,2007,数据纠错,
35,1731,落叶归根,,65万,3.23万,2007,数据纠错,
36,1747,双子神偷 (2007),,59万,2.78万,2007,数据纠错,
37,1748,汉江怪物,,--,--,2007,数据纠错,
38,1756,通天塔,,--,--,2007,数据纠错,
39,1761,出租车4,,--,--,2007,数据纠错,
40,1785,美味情缘,,--,--,2007,数据纠错,
2008年1页年度排名,历史排名,电影名称,总票房,总人次,总场次,上映年份,操作,
1,295,非诚勿扰,,950.59万,18.69万,2008,数据纠错,
2,301,赤壁(上),,958.04万,23.74万,2008,数据纠错,
3,386,画皮1,,766.92万,18.9万,2008,数据纠错,
4,432,长江七号,,674.65万,19.28万,2008,数据纠错,
5,461,功夫熊猫,,661.24万,18.4万,2008,数据纠错,
6,488,功夫之王,,537.4万,17.19万,2008,数据纠错,
7,563,007大破量子危机,,443.36万,15.04万,2008,数据纠错,
8,639,梅兰芳,,352.98万,10.14万,2008,数据纠错,
9,655,大灌篮,,384.52万,12.34万,2008,数据纠错,
10,666,木乃伊3：龙帝之墓,,353.02万,12.86万,2008,数据纠错,
11,675,全民超人汉考克,,381.59万,12.42万,2008,数据纠错,
12,730,叶问,,316.03万,8.06万,2008,数据纠错,
13,736,钢铁侠,,310.36万,11.82万,2008,数据纠错,
14,762,纳尼亚传奇2：凯斯宾王子,,272.89万,9.83万,2008,数据纠错,
15,779,史前一万年,,277.14万,10.57万,2008,数据纠错,
16,820,通缉令,,250.41万,9.64万,2008,数据纠错,
17,840,三国之见龙卸甲,,236.37万,9.43万,2008,数据纠错,
18,855,国家宝藏：夺宝秘笈,,230.09万,8.98万,2008,数据纠错,
19,875,龙之战,,117.38万,6.16万,2008,数据纠错,
20,927,无敌浩克,,215.31万,10.32万,2008,数据纠错,
2008年2页年度排名,历史排名,电影名称,总票房,总人次,总场次,上映年份,操作,
21,930,地心历险记（3D）,,128.75万,2.67万,2008,数据纠错,
22,990,十全九美,,209.43万,7.49万,2008,数据纠错,
23,1073,闪电狗,,93.73万,2.29万,2008,数据纠错,
24,1091,保持通话,,58.58万,6.45万,2008,数据纠错,
25,1102,江山美人(2008),,53.28万,7.86万,2008,数据纠错,
26,1145,水啸雾都,,140.41万,5.52万,2008,数据纠错,
27,1189,黄金罗盘,,128.55万,5.66万,2008,数据纠错,
28,1203,爱呼2：爱情左右,,--,--,2008,数据纠错,
29,1221,桃花运,,--,--,2008,数据纠错,
30,1306,剑蝶,,109.26万,5.6万,2008,数据纠错,
31,1311,风云决,,110.97万,4.48万,2008,数据纠错,
32,1411,急速赛车手,,89.01万,5.57万,2008,数据纠错,
33,1489,深海寻人,,82.78万,4.43万,2008,数据纠错,
34,1490,女人不坏,,--,--,2008,数据纠错,
35,1575,大搜查,,67.36万,2.64万,2008,数据纠错,
36,1623,证人,,65.25万,3.04万,2008,数据纠错,
37,1631,密码疑云,,67.69万,3.7万,2008,数据纠错,
38,1651,超强台风,,71.59万,3.33万,2008,数据纠错,
39,1662,烈焰奇侠：黄金军团,,60.14万,3.32万,2008,数据纠错,
40,1664,文雀,,58.24万,3.25万,2008,数据纠错,
2009年1页年度排名,历史排名,电影名称,总票房,总人次,总场次,上映年份,操作,
1,212,2012,,1441万,21.48万,2009,数据纠错,
2,218,变形金刚2,,1444万,27.14万,2009,数据纠错,
3,232,建国大业,,1305万,24.9万,2009,数据纠错,
4,331,十月围城,,866万,16.77万,2009,数据纠错,
5,361,赤壁(下),,773万,16.61万,2009,数据纠错,
6,364,三枪拍案惊奇,,802万,17.83万,2009,数据纠错,
7,398,风声,,669万,17.05万,2009,数据纠错,
8,495,南京！南京！,,575万,14.98万,2009,数据纠错,
9,519,哈利波特与混血王子,,534万,12.42万,2009,数据纠错,
10,526,冰川时代3,,347万,5.78万,2009,数据纠错,
11,578,特种部队1：眼镜蛇的崛起,,444万,12.01万,2009,数据纠错,
12,625,博物馆奇妙夜2,,408万,13.69万,2009,数据纠错,
13,638,终结者2018,,387万,13.66万,2009,数据纠错,
14,644,游龙戏凤,,347万,9.76万,2009,数据纠错,
15,665,疯狂的赛车,,366万,10.22万,2009,数据纠错,
16,678,大内密探灵灵狗,,366万,8.98万,2009,数据纠错,
17,707,喜羊羊与灰太狼之牛气冲天,,344万,7.09万,2009,数据纠错,
18,720,非常完美,,308万,10.06万,2009,数据纠错,
19,741,窃听风云,,314万,7.75万,2009,数据纠错,
20,754,花木兰,,--,--,2009,数据纠错,
2009年2页年度排名,历史排名,电影名称,总票房,总人次,总场次,上映年份,操作,
21,761,麦兜响当当,,368万,6.6万,2009,数据纠错,
22,765,飞屋环游记,,191万,14.67万,2009,数据纠错,
23,778,X战警前传：金刚狼,,267万,11.14万,2009,数据纠错,
24,839,刺陵,,214万,7.63万,2009,数据纠错,
25,870,动物总动员,,180万,8.12万,2009,数据纠错,
26,893,七龙珠,,220万,11.62万,2009,数据纠错,
27,894,玩命快递3,,201万,8.69万,2009,数据纠错,
28,920,星际迷航,,200万,8.71万,2009,数据纠错,
29,924,行动目标希特勒,,221万,9.87万,2009,数据纠错,
30,933,风云2,,--,--,2009,数据纠错,
31,950,贫民窟的百万富翁,,218万,8.61万,2009,数据纠错,
32,982,机器侠,,187万,7.32万,2009,数据纠错,
33,1053,阿童木,,--,--,2009,数据纠错,
34,1055,就是这样,,143万,5.86万,2009,数据纠错,
35,1111,气喘吁吁,,140万,5.73万,2009,数据纠错,
36,1113,家有喜事2009,,148万,4.04万,2009,数据纠错,
37,1152,马达加斯加2：逃往非洲,,145万,5.43万,2009,数据纠错,
38,1227,神秘代码,,109万,4.35万,2009,数据纠错,
39,1246,怪兽大战外星人,,70万,2.76万,2009,数据纠错,
40,1288,骑劫地下铁,,102万,4.76万,2009,数据纠错,
2010年1页年度排名,历史排名,电影名称,总票房,总人次,总场次,上映年份,操作,
1,43,阿凡达,,2762万,38.6万,2010,数据纠错,
2,134,唐山大地震,,1817万,37.28万,2010,数据纠错,
3,138,让子弹飞,,1754万,37.87万,2010,数据纠错,
4,205,非诚勿扰2,,1250万,28.66万,2010,数据纠错,
5,214,盗梦空间,,1345万,27.5万,2010,数据纠错,
6,327,狄仁杰之通天帝国,,885万,22.04万,2010,数据纠错,
7,385,叶问2 宗师传奇,,706万,20.01万,2010,数据纠错,
8,406,敢死队,,867万,18.01万,2010,数据纠错,
9,415,哈利·波特与死亡圣器（上）,,661万,17.73万,2010,数据纠错,
10,456,赵氏孤儿,,571.12万,21.66万,2010,数据纠错,
11,466,钢铁侠2,,548万,16.64万,2010,数据纠错,
12,472,诸神之战,,355万,9.52万,2010,数据纠错,
13,505,波斯王子：时之刃,,504万,14.65万,2010,数据纠错,
14,506,大兵小将,,505万,12.61万,2010,数据纠错,
15,525,大笑江湖,,--,--,2010,数据纠错,
16,546,山楂树之恋,,445万,15.51万,2010,数据纠错,
17,552,锦衣卫(2010),,445万,11.51万,2010,数据纠错,
18,560,精武风云·陈真,,433万,13.35万,2010,数据纠错,
19,570,生化危机4,,343万,13.24万,2010,数据纠错,
20,582,越光宝盒,,416万,13.49万,2010,数据纠错,
2010年2页年度排名,历史排名,电影名称,总票房,总人次,总场次,上映年份,操作,
21,585,全城热恋,,394万,10.41万,2010,数据纠错,
22,588,杜拉拉升职记,,412万,13.37万,2010,数据纠错,
23,592,枪王之王,,411万,11.89万,2010,数据纠错,
24,599,喜羊羊与灰太狼2,,442万,10.97万,2010,数据纠错,
25,623,玩具总动员3,,262万,9.51万,2010,数据纠错,
26,698,孔子,,308万,9.63万,2010,数据纠错,
27,731,危情谍战,,290万,8.81万,2010,数据纠错,
28,733,驯龙高手,,211万,8.85万,2010,数据纠错,
29,734,怪物史瑞克4,,209万,6.79万,2010,数据纠错,
30,739,全城戒备,,289万,8.13万,2010,数据纠错,
31,783,大侦探福尔摩斯,,253万,8.22万,2010,数据纠错,
32,838,西风烈,,217万,10.66万,2010,数据纠错,
33,845,邻家特工,,234万,8.16万,2010,数据纠错,
34,864,剑雨,,203万,7.95万,2010,数据纠错,
35,868,危情时速,,214万,8.82万,2010,数据纠错,
36,908,魔法师的学徒,,203万,7.61万,2010,数据纠错,
37,910,花田囍事2010,,203万,5.61万,2010,数据纠错,
38,921,未来警察,,198万,7.9万,2010,数据纠错,
39,939,唐伯虎点秋香2,,187万,6.98万,2010,数据纠错,
40,964,恋爱通告,,182万,5.63万,2010,数据纠错,
2011年1页年度排名,历史排名,电影名称,总票房,总人次,总场次,上映年份,操作,
1,66,变形金刚3,,2590万,47.64万,2011,数据纠错,
2,152,功夫熊猫2,,1626万,38.95万,2011,数据纠错,
3,154,金陵十三钗,,1485万,53万,2011,数据纠错,
4,174,龙门飞甲,,1213万,31.11万,2011,数据纠错,
5,209,加勒比海盗4,,1236万,26.69万,2011,数据纠错,
6,242,建党伟业,,1235万,33.16万,2011,数据纠错,
7,243,哈利波特与死亡圣器(下),,1038.61万,26.44万,2011,数据纠错,
8,276,失恋33天,,1120万,29.04万,2011,数据纠错,
9,367,速度与激情5,,791万,21.22万,2011,数据纠错,
10,384,蓝精灵,,669万,17.7万,2011,数据纠错,
11,395,洛杉矶之战,,716万,23.22万,2011,数据纠错,
12,409,新少林寺,,599万,17.68万,2011,数据纠错,
13,419,白蛇传说(2011),,651万,24.33万,2011,数据纠错,
14,444,猩球崛起,,635万,19.51万,2011,数据纠错,
15,445,将爱情进行到底,,561万,20.54万,2011,数据纠错,
16,457,武林外传,,530万,16.2万,2011,数据纠错,
17,469,画壁,,544万,19.99万,2011,数据纠错,
18,482,武侠,,509万,17.98万,2011,数据纠错,
19,501,最强囍事2011,,497万,14.17万,2011,数据纠错,
20,514,关云长,,470万,18.41万,2011,数据纠错,
2011年2页年度排名,历史排名,电影名称,总票房,总人次,总场次,上映年份,操作,
21,528,鸿门宴,,468万,18.24万,2011,数据纠错,
22,555,喜羊羊与灰太狼之兔年顶呱呱,,463万,15.21万,2011,数据纠错,
23,561,倩女幽魂(2011),,414万,18.73万,2011,数据纠错,
24,562,青蜂侠,,338万,11.47万,2011,数据纠错,
25,564,里约大冒险,,356万,12.97万,2011,数据纠错,
26,572,致命伴旅,,408万,14.3万,2011,数据纠错,
27,597,铁甲钢拳,,389万,13.29万,2011,数据纠错,
28,610,纳尼亚传奇3,,313万,11.16万,2011,数据纠错,
29,624,创战纪,,270万,10.29万,2011,数据纠错,
30,633,夺命深渊,,291万,11.99万,2011,数据纠错,
31,636,丁丁历险记,,314万,10.94万,2011,数据纠错,
32,642,关键第四号,,349万,14.98万,2011,数据纠错,
33,649,亲密敌人,,317万,57.57万,2011,数据纠错,
34,687,财神客栈,,341万,12.77万,2011,数据纠错,
35,711,雷神,,256.26万,10.2万,2011,数据纠错,
36,715,单身男女,,290万,12.9万,2011,数据纠错,
37,723,美国队长,,254.5万,11.9万,2011,数据纠错,
38,742,孤岛惊魂,,289.53万,11.15万,2011,数据纠错,
39,775,惊天战神,,218.31万,8.84万,2011,数据纠错,
40,777,杨善洲,,--,--,2011,数据纠错,
2012年1页年度排名,历史排名,电影名称,总票房,总人次,总场次,上映年份,操作,
1,46,人再囧途之泰囧,,3910万,66.91万,2012,数据纠错,
2,78,泰坦尼克号3D版,,2130万,38.17万,2012,数据纠错,
3,86,十二生肖,,2160万,41.61万,2012,数据纠错,
4,121,画皮II,,1713万,45.62万,2012,数据纠错,
5,133,碟中谍4：幽灵协议,,1921万,43.47万,2012,数据纠错,
6,169,少年派的奇幻漂流,,1446万,36.79万,2012,数据纠错,
7,171,复仇者联盟,,1361万,39.51万,2012,数据纠错,
8,194,黑衣人3,,1244万,41.79万,2012,数据纠错,
9,219,冰川时代4,,1179万,40.25万,2012,数据纠错,
10,256,地心历险记2：神秘岛,,925万,28.82万,2012,数据纠错,
11,265,一九四二(冯小刚),,1012万,31.33万,2012,数据纠错,
12,288,蝙蝠侠：黑暗骑士崛起,,912万,29.8万,2012,数据纠错,
13,294,敢死队2,,1025万,38.83万,2012,数据纠错,
14,310,超凡蜘蛛侠,,766万,27.55万,2012,数据纠错,
15,311,超级战舰,,916万,28.12万,2012,数据纠错,
16,360,异星战场：约翰・卡特传奇,,921万,24.95万,2012,数据纠错,
17,369,寒战,,801万,35.87万,2012,数据纠错,
18,387,听风者,,655万,24.22万,2012,数据纠错,
19,399,普罗米修斯,,557万,22.85万,2012,数据纠错,
20,417,谍影重重4,,653万,28.04万,2012,数据纠错,
2012年2页年度排名,历史排名,电影名称,总票房,总人次,总场次,上映年份,操作,
21,420,马达加斯加3,,541万,21.74万,2012,数据纠错,
22,451,大侦探福尔摩斯2：诡影游戏,,579万,15.42万,2012,数据纠错,
23,454,四大名捕,,590万,24.76万,2012,数据纠错,
24,473,饥饿游戏,,509万,19.07万,2012,数据纠错,
25,477,大魔术师,,516.6万,15.12万,2012,数据纠错,
26,478,搜索,,529万,21.57万,2012,数据纠错,
27,497,喜羊羊与灰太狼之开心闯龙年,,562万,19.87万,2012,数据纠错,
28,507,诸神之怒,,393万,15.88万,2012,数据纠错,
29,517,大海啸之鲨口逃生,,411万,22.33万,2012,数据纠错,
30,520,消失的子弹,,483万,18.26万,2012,数据纠错,
31,531,黄金大劫案,,465万,18.86万,2012,数据纠错,
32,538,大上海,,436.3万,14.54万,2012,数据纠错,
33,543,太极1从零开始,,367万,20.89万,2012,数据纠错,
34,554,白鹿原,,367万,15.31万,2012,数据纠错,
35,571,爱LOVE,,386万,13.23万,2012,数据纠错,
36,573,2012(3D版),,366万,16.22万,2012,数据纠错,
37,589,环形使者,,394万,17.24万,2012,数据纠错,
38,591,逆战,,391万,12.8万,2012,数据纠错,
39,627,战马,,360万,14.88万,2012,数据纠错,
40,630,太极2：英雄崛起,,294万,19.36万,2012,数据纠错,
2013年1页年度排名,历史排名,电影名称,总票房,总人次,总场次,上映年份,操作,
1,48,西游降魔篇,,3103.79万,76.72万,2013,数据纠错,
2,101,钢铁侠3,,1874.24万,54.13万,2013,数据纠错,
3,117,致我们终将逝去的青春,,2233.56万,62.03万,2013,数据纠错,
4,118,私人订制,,2021.61万,62.5万,2013,数据纠错,
5,126,环太平洋,,1739.25万,45.47万,2013,数据纠错,
6,157,狄仁杰之神都龙王,,1503.79万,50.94万,2013,数据纠错,
7,178,中国合伙人,,1670.38万,58.55万,2013,数据纠错,
8,179,警察故事2013,,1352.9万,50.54万,2013,数据纠错,
9,188,北京遇上西雅图,,1628.16万,49.62万,2013,数据纠错,
10,197,小时代,,1522.24万,45.15万,2013,数据纠错,
11,226,地心引力,,1053.92万,42.95万,2013,数据纠错,
12,233,速度与激情6,,1292万,31.36万,2013,数据纠错,
13,252,疯狂原始人,,1087.15万,35.55万,2013,数据纠错,
14,253,超人：钢铁之躯,,967.19万,32.75万,2013,数据纠错,
15,263,007：大破天幕杀机,,1080.46万,36.77万,2013,数据纠错,
16,278,星际迷航：暗黑无界,,869.27万,35.07万,2013,数据纠错,
17,284,侏罗纪公园(3D),,902.49万,33.77万,2013,数据纠错,
18,285,雷神2：黑暗世界,,883.52万,37.05万,2013,数据纠错,
19,291,特种部队：全面反击,,847.35万,32.11万,2013,数据纠错,
20,303,霍比特人：意外之旅,,713.02万,25.03万,2013,数据纠错,
2013年2页年度排名,历史排名,电影名称,总票房,总人次,总场次,上映年份,操作,
21,308,风暴,,--,--,2013,数据纠错,
22,321,天机：富春山居图,,768.5万,30.35万,2013,数据纠错,
23,324,小时代2：青木时代,,950.09万,31.5万,2013,数据纠错,
24,335,一代宗师(2013),,795.11万,31.79万,2013,数据纠错,
25,338,不二神探,,908.55万,34.08万,2013,数据纠错,
26,353,厨子戏子痞子,,857.68万,30.65万,2013,数据纠错,
27,363,无人区,,827.69万,35.12万,2013,数据纠错,
28,370,金蝉脱壳,,807.83万,33.97万,2013,数据纠错,
29,375,金刚狼2,,680.22万,33.89万,2013,数据纠错,
30,381,扫毒,,744.84万,31.49万,2013,数据纠错,
31,413,重返地球,,651.91万,24.25万,2013,数据纠错,
32,422,怪兽大学,,571.6万,24.82万,2013,数据纠错,
33,424,盲探,,650.61万,23.68万,2013,数据纠错,
34,437,虎胆龙威5,,624.72万,29.88万,2013,数据纠错,
35,440,101次求婚(2013),,598.73万,23.19万,2013,数据纠错,
36,453,分手合约,,611.91万,26.75万,2013,数据纠错,
37,465,全民目击,,570.07万,27.86万,2013,数据纠错,
38,471,饥饿游戏2：星火燎原,,532.03万,24.41万,2013,数据纠错,
39,474,惊天危机,,541.43万,20.35万,2013,数据纠错,
40,476,四大名捕2,,473.66万,24.8万,2013,数据纠错,
2014年1页年度排名,历史排名,电影名称,总票房,总人次,总场次,上映年份,操作,
1,20,变形金刚4：绝迹重生,,4742.92万,93.03万,2014,数据纠错,
2,58,心花路放,,3398万,92.3万,2014,数据纠错,
3,67,西游记之大闹天宫,,2491.9万,59.92万,2014,数据纠错,
4,85,智取威虎山3D,,2149万,78万,2014,数据纠错,
5,105,星际穿越,,2070万,60.41万,2014,数据纠错,
6,113,X战警：逆转未来,,1936.09万,63.21万,2014,数据纠错,
7,115,美国队长2,,1840万,58.15万,2014,数据纠错,
8,119,猩球崛起2：黎明之战,,1931.86万,65.6万,2014,数据纠错,
9,123,爸爸去哪儿,,2187万,50.8万,2014,数据纠错,
10,136,分手大师,,2001.33万,56.24万,2014,数据纠错,
11,145,后会无期,,1966.75万,56.29万,2014,数据纠错,
12,161,银河护卫队,,1578.19万,63.78万,2014,数据纠错,
13,163,美女与野兽,,--,5.65万,2014,数据纠错,
14,164,超凡蜘蛛侠2,,1524.71万,62.79万,2014,数据纠错,
15,165,匆匆那年,,1694万,69万,2014,数据纠错,
16,185,澳门风云,,1623万,49.92万,2014,数据纠错,
17,186,小时代3：刺金时代,,1650.16万,47.31万,2014,数据纠错,
18,190,一步之遥,,1213万,49万,2014,数据纠错,
19,204,哥斯拉,,1267.01万,46.95万,2014,数据纠错,
20,213,霍比特人：史矛革之战,,1135万,40.71万,2014,数据纠错,
2014年2页年度排名,历史排名,电影名称,总票房,总人次,总场次,上映年份,操作,
21,215,同桌的妳,,1390万,56.65万,2014,数据纠错,
22,217,敢死队3,,1398.33万,57.14万,2014,数据纠错,
23,234,极品飞车,,1071.04万,46.44万,2014,数据纠错,
24,237,京城81号,,1161.28万,37.31万,2014,数据纠错,
25,238,明日边缘,,1080.2万,43.26万,2014,数据纠错,
26,240,北京爱情故事,,1205.02万,42.89万,2014,数据纠错,
27,249,驯龙高手2,,1079.01万,42.85万,2014,数据纠错,
28,255,白发魔女传之明月天国,,1022.04万,39.75万,2014,数据纠错,
29,259,忍者神龟：变种时代,,--,--,2014,数据纠错,
30,286,亲爱的,,--,--,2014,数据纠错,
31,296,神偷奶爸2,,869万,37.58万,2014,数据纠错,
32,304,机械战警,,854.4万,40.24万,2014,数据纠错,
33,314,窃听风云3,,917.38万,41.24万,2014,数据纠错,
34,322,冰雪奇缘,,810万,27.86万,2014,数据纠错,
35,326,沉睡魔咒,,780万,30.36万,2014,数据纠错,
36,328,归来,,853.55万,42.5万,2014,数据纠错,
37,340,微爱之渐入佳境,,--,--,2014,数据纠错,
38,350,超体,,--,--,2014,数据纠错,
39,352,催眠大师,,881万,40.5万,2014,数据纠错,
40,371,马达加斯加的企鹅,,--,--,2014,数据纠错,
2015年1页年度排名,历史排名,电影名称,总票房,总人次,总场次,上映年份,操作,
1,13,速度与激情7,,--,--,2015,数据纠错,
2,14,捉妖记,,--,--,2015,数据纠错,
3,26,寻龙诀,,--,--,2015,数据纠错,
4,29,港囧,,--,--,2015,数据纠错,
5,34,复仇者联盟2：奥创纪元,,--,--,2015,数据纠错,
6,35,夏洛特烦恼,,--,--,2015,数据纠错,
7,38,侏罗纪世界,,--,--,2015,数据纠错,
8,60,煎饼侠,,--,--,2015,数据纠错,
9,76,澳门风云2,,--,--,2015,数据纠错,
10,77,西游记之大圣归来,,--,--,2015,数据纠错,
11,81,老炮儿,,--,--,2015,数据纠错,
12,88,碟中谍5：神秘国度,,--,--,2015,数据纠错,
13,95,唐人街探案,,--,--,2015,数据纠错,
14,103,霍比特人3：去而复归,,1914万,64.5万,2015,数据纠错,
15,108,天将雄师,,--,--,2015,数据纠错,
16,114,终结者：创世纪,,--,--,2015,数据纠错,
17,122,狼图腾,,--,--,2015,数据纠错,
18,130,鬼吹灯之九层妖塔,,--,--,2015,数据纠错,
19,135,蚁人,,--,--,2015,数据纠错,
20,141,恶棍天使,,--,--,2015,数据纠错,
2015年2页年度排名,历史排名,电影名称,总票房,总人次,总场次,上映年份,操作,
21,146,末日崩塌,,--,--,2015,数据纠错,
22,166,火星救援,,--,--,2015,数据纠错,
23,173,杀破狼2,,--,--,2015,数据纠错,
24,176,战狼,,--,--,2015,数据纠错,
25,177,007：幽灵党,,--,--,2015,数据纠错,
26,182,哆啦A梦：伴我同行,,--,--,2015,数据纠错,
27,184,超能陆战队,,--,--,2015,数据纠错,
28,192,滚蛋吧！肿瘤君,,--,--,2015,数据纠错,
29,199,小时代4：灵魂尽头,,--,--,2015,数据纠错,
30,200,左耳,,--,--,2015,数据纠错,
31,201,王牌特工：特工学院,,--,--,2015,数据纠错,
32,223,灰姑娘,,--,--,2015,数据纠错,
33,227,小黄人大眼萌,,--,--,2015,数据纠错,
34,228,奔跑吧，兄弟,,--,--,2015,数据纠错,
35,235,百团大战,,--,--,2015,数据纠错,
36,241,钟馗伏魔：雪妖魔灵,,--,--,2015,数据纠错,
37,247,道士下山,,--,--,2015,数据纠错,
38,261,栀子花开2015,,--,--,2015,数据纠错,
39,269,重返20岁,,--,--,2015,数据纠错,
40,273,我的少女时代,,--,--,2015,数据纠错,
2016年1页年度排名,历史排名,电影名称,总票房,总人次,总场次,上映年份,操作,
1,6,美人鱼,,--,--,2016,数据纠错,
2,32,疯狂动物城,,--,--,2016,数据纠错,
3,33,魔兽,,--,--,2016,数据纠错,
4,49,美国队长3：英雄内战,,--,--,2016,数据纠错,
5,52,西游记之孙悟空三打白骨精,,--,--,2016,数据纠错,
6,55,长城,,--,--,2016,数据纠错,
7,56,湄公河行动,,--,--,2016,数据纠错,
8,63,澳门风云3,,--,--,2016,数据纠错,
9,72,盗墓笔记,,--,--,2016,数据纠错,
10,73,功夫熊猫3,,--,--,2016,数据纠错,
11,75,奇幻森林,,--,--,2016,数据纠错,
12,83,绝地逃亡,,--,--,2016,数据纠错,
13,91,星球大战：原力觉醒,,--,--,2016,数据纠错,
14,94,从你的全世界路过,,--,--,2016,数据纠错,
15,96,叶问3,,--,--,2016,数据纠错,
16,97,X战警：天启,,--,--,2016,数据纠错,
17,100,北京遇上西雅图之不二情书,,--,--,2016,数据纠错,
18,106,奇异博士,,--,--,2016,数据纠错,
19,125,铁道飞虎,,--,--,2016,数据纠错,
20,131,寒战2,,--,--,2016,数据纠错,
2016年2页年度排名,历史排名,电影名称,总票房,总人次,总场次,上映年份,操作,
21,142,惊天魔盗团2,,--,--,2016,数据纠错,
22,151,蝙蝠侠大战超人：正义黎明,,--,--,2016,数据纠错,
23,156,使徒行者,,--,--,2016,数据纠错,
24,162,神奇动物在哪里,,--,--,2016,数据纠错,
25,168,你的名字。,,--,--,2016,数据纠错,
26,172,大鱼海棠,,--,--,2016,数据纠错,
27,191,愤怒的小鸟,,--,--,2016,数据纠错,
28,195,独立日：卷土重来,,--,--,2016,数据纠错,
29,202,酒国英雄之摆渡人,,--,--,2016,数据纠错,
30,206,我不是潘金莲,,--,--,2016,数据纠错,
31,222,冰川时代：星际碰撞,,--,--,2016,数据纠错,
32,221,谍影重重5,,--,--,2016,数据纠错,
33,224,星际迷航3：超越星辰,,--,--,2016,数据纠错,
34,230,血战钢锯岭,,--,--,2016,数据纠错,
35,254,忍者神龟2,,--,--,2016,数据纠错,
36,257,爱宠大机密,,--,--,2016,数据纠错,
37,258,爱丽丝梦游仙境2：镜中奇遇记,,--,--,2016,数据纠错,
38,260,爵迹,,--,--,2016,数据纠错,
39,262,荒野猎人,,--,--,2016,数据纠错,
40,268,火锅英雄,,--,--,2016,数据纠错,
2017年1页年度排名,历史排名,电影名称,总票房,总人次,总场次,上映年份,操作,
1,1,战狼2,,--,--,2017,数据纠错,
2,11,速度与激情8,,--,--,2017,数据纠错,
3,17,羞羞的铁拳,,--,--,2017,数据纠错,
4,21,前任3：再见前任,,--,--,2017,数据纠错,
5,23,功夫瑜伽,,--,--,2017,数据纠错,
6,28,西游伏妖篇,,--,--,2017,数据纠错,
7,30,变形金刚5：最后的骑士,,--,--,2017,数据纠错,
8,37,芳华,,--,--,2017,数据纠错,
9,44,摔跤吧！爸爸,,--,--,2017,数据纠错,
10,51,寻梦环游记,,--,--,2017,数据纠错,
11,54,加勒比海盗5：死无对证,,--,--,2017,数据纠错,
12,59,金刚：骷髅岛,,--,--,2017,数据纠错,
13,62,极限特工：终极回归,,--,--,2017,数据纠错,
14,64,生化危机6：终章,,--,--,2017,数据纠错,
15,69,乘风破浪,,--,--,2017,数据纠错,
16,70,神偷奶爸3,,--,--,2017,数据纠错,
17,87,智取威虎山,,--,--,2017,数据纠错,
18,102,蜘蛛侠：英雄归来,,--,--,2017,数据纠错,
19,104,大闹天竺,,--,--,2017,数据纠错,
20,110,雷神3：诸神黄昏,,--,--,2017,数据纠错,
2017年2页年度排名,历史排名,电影名称,总票房,总人次,总场次,上映年份,操作,
21,111,猩球崛起：终极之战,,--,--,2017,数据纠错,
22,112,金刚狼3：殊死一战,,--,--,2017,数据纠错,
23,127,悟空传,,--,--,2017,数据纠错,
24,128,银河护卫队2,,--,--,2017,数据纠错,
25,129,正义联盟,,--,--,2017,数据纠错,
26,139,情圣,,--,--,2017,数据纠错,
27,149,新木乃伊,,--,--,2017,数据纠错,
28,153,神奇女侠,,--,--,2017,数据纠错,
29,155,一条狗的使命,,--,--,2017,数据纠错,
30,170,追龙,,--,--,2017,数据纠错,
31,180,英伦对决,,--,--,2017,数据纠错,
32,181,三生三世十里桃花,,--,--,2017,数据纠错,
33,183,妖猫传,,--,--,2017,数据纠错,
34,187,熊出没之奇幻空间,,--,--,2017,数据纠错,
35,189,杀破狼·贪狼,,--,--,2017,数据纠错,
36,208,星球大战：侠盗一号,,--,--,2017,数据纠错,
37,211,王牌特工2：黄金圈,,--,--,2017,数据纠错,
38,216,缝纫机乐队,,--,--,2017,数据纠错,
39,229,全球风暴,,--,--,2017,数据纠错,
40,239,星际特工：千星之城,,--,--,2017,数据纠错,
2018年1页年度排名,历史排名,电影名称,总票房,总人次,总场次,上映年份,操作,
1,5,红海行动,,--,--,2018,数据纠错,
2,7,唐人街探案2,,--,--,2018,数据纠错,
3,9,我不是药神,,--,--,2018,数据纠错,
4,12,西虹市首富,,--,--,2018,数据纠错,
5,15,复仇者联盟3：无限战争,,--,--,2018,数据纠错,
6,16,捉妖记2,,--,--,2018,数据纠错,
7,19,海王,,--,--,2018,数据纠错,
8,22,毒液：致命守护者,,--,--,2018,数据纠错,
9,25,侏罗纪世界2,,--,--,2018,数据纠错,
10,40,头号玩家,,--,--,2018,数据纠错,
11,41,后来的我们,,--,--,2018,数据纠错,
12,42,一出好戏,,--,--,2018,数据纠错,
13,47,无双,,--,--,2018,数据纠错,
14,50,碟中谍6：全面瓦解,,--,--,2018,数据纠错,
15,68,巨齿鲨,,--,--,2018,数据纠错,
16,74,狂暴巨兽,,--,--,2018,数据纠错,
17,82,超时空同居,,--,--,2018,数据纠错,
18,92,蚁人2：黄蜂女现身,,--,--,2018,数据纠错,
19,99,无名之辈,,--,--,2018,数据纠错,
20,107,无问西东,,--,--,2018,数据纠错,
2018年2页年度排名,历史排名,电影名称,总票房,总人次,总场次,上映年份,操作,
21,109,神秘巨星,,--,--,2018,数据纠错,
22,116,西游记女儿国,,--,--,2018,数据纠错,
23,137,摩天营救,,--,--,2018,数据纠错,
24,140,黑豹,,--,--,2018,数据纠错,
25,143,来电狂响,,--,--,2018,数据纠错,
26,147,环太平洋：雷霆再起,,--,--,2018,数据纠错,
27,148,影,,--,--,2018,数据纠错,
28,158,狄仁杰之四大天王,,--,--,2018,数据纠错,
29,159,熊出没之变形记,,--,--,2018,数据纠错,
30,160,李茶的姑妈,,--,--,2018,数据纠错,
31,167,邪不压正,,--,--,2018,数据纠错,
32,175,爱情公寓,,--,--,2018,数据纠错,
33,193,动物世界,,--,--,2018,数据纠错,
34,196,古墓丽影：源起之战,,--,--,2018,数据纠错,
35,198,勇敢者游戏：决战丛林,,--,--,2018,数据纠错,
36,207,厉害了，我的国,,--,--,2018,数据纠错,
37,225,反贪风暴3,,--,--,2018,数据纠错,
38,231,蜘蛛侠：平行宇宙,,--,--,2018,数据纠错,
39,251,神奇动物：格林德沃之罪,,--,--,2018,数据纠错,
40,264,“大”人物,,--,--,2018,数据纠错,
2019年1页年度排名,历史排名,电影名称,总票房,总人次,总场次,上映年份,操作,
1,2,哪吒之魔童降世,,--,--,2019,数据纠错,
2,3,流浪地球,,--,--,2019,数据纠错,
3,4,复仇者联盟4：终局之战,,--,--,2019,数据纠错,
4,8,我和我的祖国,,--,--,2019,数据纠错,
5,10,中国机长,,--,--,2019,数据纠错,
6,18,疯狂的外星人,,--,--,2019,数据纠错,
7,24,飞驰人生,,--,--,2019,数据纠错,
8,27,烈火英雄,,--,--,2019,数据纠错,
9,31,少年的你,,--,--,2019,数据纠错,
10,36,速度与激情：特别行动,,--,--,2019,数据纠错,
11,39,蜘蛛侠：英雄远征,,--,--,2019,数据纠错,
12,45,扫毒2天地对决,,--,--,2019,数据纠错,
13,53,误杀,,--,--,2019,数据纠错,
14,57,叶问4,,--,--,2019,数据纠错,
15,61,大黄蜂,,--,--,2019,数据纠错,
16,65,攀登者,,--,--,2019,数据纠错,
17,71,惊奇队长,,--,--,2019,数据纠错,
18,79,比悲伤更悲伤的故事,,--,--,2019,数据纠错,
19,80,哥斯拉2：怪兽之王,,--,--,2019,数据纠错,
20,84,阿丽塔：战斗天使,,--,--,2019,数据纠错,
2019年2页年度排名,历史排名,电影名称,总票房,总人次,总场次,上映年份,操作,
21,89,银河补习班,,--,--,2019,数据纠错,
22,90,冰雪奇缘2,,--,--,2019,数据纠错,
23,93,狮子王,,--,--,2019,数据纠错,
24,98,反贪风暴4,,--,--,2019,数据纠错,
25,120,熊出没·原始时代,,--,--,2019,数据纠错,
26,124,使徒行者2：谍影行动,,--,--,2019,数据纠错,
27,132,宠爱,,--,--,2019,数据纠错,
28,144,大侦探皮卡丘,,--,--,2019,数据纠错,
29,150,新喜剧之王,,--,--,2019,数据纠错,
30,203,千与千寻,,--,--,2019,数据纠错,
31,210,绿皮书,,--,--,2019,数据纠错,
32,220,白蛇：缘起,,--,--,2019,数据纠错,
33,236,最好的我们,,--,--,2019,数据纠错,
34,244,X战警：黑凤凰,,--,--,2019,数据纠错,
35,248,诛仙Ⅰ,,--,--,2019,数据纠错,
36,267,何以为家,,--,--,2019,数据纠错,
37,270,阿拉丁,,--,--,2019,数据纠错,
38,271,驯龙高手3,,--,--,2019,数据纠错,
39,281,终结者：黑暗命运,,--,--,2019,数据纠错,
40,283,老师·好,,--,--,2019,数据纠错,
2020年1页年度排名,历史排名,电影名称,总票房,总人次,总场次,上映年份,操作,
1,695,变身特工,,--,--,2020,数据纠错,
2,932,美丽人生,,--,--,2020,数据纠错,
3,1028,紫罗兰永恒花园 外传：永远与自动手记人偶,,--,--,2020,数据纠错,
4,1045,鲨海逃生,,--,--,2020,数据纠错,
5,1188,熊出没·狂野大陆,,--,--,2020,数据纠错,
6,1639,为家而战,,--,--,2020,数据纠错,
7,1687,灭绝,,--,--,2020,数据纠错,
8,2314,理查德·朱维尔的哀歌,,--,--,2020,数据纠错,
9,2661,致敬英雄,,--,--,2020,数据纠错,
10,2907,士兵顺溜：兵王争锋,,--,--,2020,数据纠错,
11,3114,狐踪谍影,,--,--,2020,数据纠错,
12,3117,守望人,,--,--,2020,数据纠错,
13,3171,野猪,,--,--,2020,数据纠错,
14,3345,那人那事,,--,--,2020,数据纠错,
15,3549,红色圩场,,--,--,2020,数据纠错,
16,3585,蕃薯浇米,,--,--,2020,数据纠错,
17,3593,武圣关公,,--,--,2020,数据纠错,
18,3612,紫罗兰永恒花园外传：永远与自动手记人偶,,--,--,2020,数据纠错,
19,3730,无影之镜,,--,--,2020,数据纠错,
20,3758,中华熊猫,,--,--,2020,数据纠错,
2020年2页年度排名,历史排名,电影名称,总票房,总人次,总场次,上映年份,操作,
21,3866,阳光下的少年之我的无色世界,,--,--,2020,数据纠错,
22,3881,我和我的小伙伴们,,--,--,2020,数据纠错,
23,3954,沂蒙之恋,,--,--,2020,数据纠错,
24,4003,佛罗伦萨与乌菲兹美术馆3D,,--,--,2020,数据纠错,
